{
  "timestamp": "20250724_012716",
  "results": {
    "tick_price_trend": {
      "gapper_mean": -0.07961196494351096,
      "non_gapper_mean": -0.005927934198822267,
      "ratio": 13.429967721188246
    },
    "tick_large_trades": {
      "gapper_mean": 93.5,
      "non_gapper_mean": 0.0,
      "ratio": 0
    },
    "tick_bid_hit_ratio": {
      "gapper_mean": 0.0,
      "non_gapper_mean": 0.49075,
      "ratio": 0.0
    },
    "tick_price_range": {
      "gapper_mean": 0.5389999999999997,
      "non_gapper_mean": 20.935499999999998,
      "ratio": 0.025745742876931516
    },
    "tick_avg_size": {
      "gapper_mean": 431.20000000000005,
      "non_gapper_mean": 263.97499999999997,
      "ratio": 1.6334880196988355
    },
    "tick_total_volume": {
      "gapper_mean": 215600.0,
      "non_gapper_mean": 131987.5,
      "ratio": 1.633488019698835
    },
    "l2_avg_bid_size": {
      "gapper_mean": 185.27882333583827,
      "non_gapper_mean": 501.6160074168995,
      "ratio": 0.36936385720611714
    },
    "l2_size_increase_ratio": {
      "gapper_mean": 0.9939999999999999,
      "non_gapper_mean": 0.698,
      "ratio": 1.4240687679083093
    }
  },
  "gapper_metrics": {
    "l2_bid_ratio": [
      0.502,
      0.5142,
      0.5032
    ],
    "l2_size_increase_ratio": [
      0.9932,
      0.9934,
      0.9954
    ],
    "l2_avg_bid_size": [
      225.32362835402483,
      186.10351150994927,
      144.40933014354067
    ],
    "l2_updates_sampled": [
      5000,
      5000,
      5000
    ],
    "tick_avg_size": [
      432.8,
      429.6
    ],
    "tick_large_trades": [
      95,
      92
    ],
    "tick_total_volume": [
      216400,
      214800
    ],
    "tick_price_range": [
      0.22799999999999976,
      0.8499999999999996
    ],
    "tick_price_trend": [
      0.0030087253033797374,
      -0.16223265519040164
    ],
    "tick_bid_hit_ratio": [
      0.0,
      0.0
    ]
  },
  "non_gapper_metrics": {
    "l2_bid_ratio": [
      0.5,
      0.5,
      0.5,
      0.5,
      0.5,
      0.5,
      0.5,
      0.5
    ],
    "l2_size_increase_ratio": [
      0.7046,
      0.7014,
      0.7028,
      0.6924,
      0.6996,
      0.6944,
      0.695,
      0.6938
    ],
    "l2_avg_bid_size": [
      501.24475920679885,
      499.44500846023686,
      499.2011396011396,
      504.17027334851934,
      502.11501416430593,
      495.35604770017034,
      503.43142857142857,
      507.9643882825962
    ],
    "l2_updates_sampled": [
      5000,
      5000,
      5000,
      5000,
      5000,
      5000,
      5000,
      5000
    ],
    "tick_avg_size": [
      265.4,
      258.0,
      254.8,
      258.0,
      268.2,
      260.2,
      279.6,
      267.6
    ],
    "tick_large_trades": [
      0,
      0,
      0,
      0,
      0,
      0,
      0,
      0
    ],
    "tick_total_volume": [
      132700,
      129000,
      127400,
      129000,
      134100,
      130100,
      139800,
      133800
    ],
    "tick_price_range": [
      31.297999999999973,
      8.785000000000004,
      9.003,
      36.44800000000001,
      18.596000000000004,
      18.747,
      32.52000000000001,
      12.086999999999989
    ],
    "tick_price_trend": [
      0.16207748051819143,
      -0.10448969747088413,
      -0.06014048106042587,
      -0.13821771888802284,
      -0.01800373321558318,
      -0.027078948247636268,
      0.1856318420259738,
      -0.04720221725219105
    ],
    "tick_bid_hit_ratio": [
      0.464,
      0.472,
      0.52,
      0.49,
      0.49,
      0.508,
      0.496,
      0.486
    ]
  }
}