{
  "timestamp": "20250724_012254",
  "differences": {},
  "raw_results": {
    "ABVX": {
      "is_gapper": true,
      "l2_patterns": {
        "total_updates": 122524,
        "bid_updates": 61145,
        "ask_updates": 61379,
        "size_increases": 61439,
        "size_decreases": 59162,
        "avg_bid_size": 186.25150165206387,
        "avg_ask_size": 189.3437519425496,
        "bid_persistence": 0.4990450850445627,
        "ask_persistence": 0.5009549149554373,
        "spread_changes": 172,
        "size_increase_ratio": 0.5094402202303463
      },
      "tick_patterns": {
        "total_trades": 15316,
        "avg_trade_size": 415.5588926612693,
        "total_volume": 6364700,
        "price_range": 0.9909999999999997,
        "price_trend": 0.08875739644970412,
        "large_trades": 2527,
        "small_trades": 2522,
        "volume_profile": {
          "10.0": 1231600,
          "9.9": 307300,
          "10.1": 1727600,
          "10.2": 1550800,
          "10.3": 634000,
          "10.4": 400300,
          "10.5": 214900,
          "10.6": 134000,
          "10.7": 104600,
          "10.8": 58600,
          "10.9": 1000
        },
        "volume_concentration": 0.27143463164014014
      }
    },
    "ANEB": {
      "is_gapper": true,
      "l2_patterns": {
        "total_updates": 11516,
        "bid_updates": 5859,
        "ask_updates": 5657,
        "size_increases": 5885,
        "size_decreases": 5529,
        "avg_bid_size": 193.2642612272883,
        "avg_ask_size": 220.3075266903915,
        "bid_persistence": 0.508770406391108,
        "ask_persistence": 0.49122959360889196,
        "spread_changes": 61,
        "size_increase_ratio": 0.5155948834764325
      },
      "tick_patterns": {}
    },
    "PAPL": {
      "is_gapper": true,
      "l2_patterns": {
        "total_updates": 82499,
        "bid_updates": 41316,
        "ask_updates": 41183,
        "size_increases": 41897,
        "size_decreases": 39932,
        "avg_bid_size": 187.4742203084708,
        "avg_ask_size": 188.14358999485532,
        "bid_persistence": 0.5008060703766106,
        "ask_persistence": 0.4991939296233894,
        "spread_changes": 104,
        "size_increase_ratio": 0.5120067457747254
      },
      "tick_patterns": {
        "total_trades": 11786,
        "avg_trade_size": 414.3729848973358,
        "total_volume": 4883800,
        "price_range": 2.5060000000000002,
        "price_trend": -0.21830985915492962,
        "large_trades": 1935,
        "small_trades": 1961,
        "volume_profile": {
          "3.8": 277700,
          "3.5": 267600,
          "3.9": 304400,
          "4.0": 519000,
          "3.4": 189500,
          "3.7": 361700,
          "3.6": 314600,
          "3.3": 160500,
          "3.2": 222700,
          "3.1": 150600,
          "4.1": 316100,
          "4.2": 256800,
          "4.3": 206000,
          "4.4": 114900,
          "4.5": 125800,
          "4.6": 136300,
          "4.7": 99200,
          "4.8": 93200,
          "5.0": 160900,
          "5.1": 29400,
          "4.9": 51500,
          "3.0": 239100,
          "2.8": 86300,
          "2.7": 80600,
          "2.6": 26500,
          "2.9": 92900
        },
        "volume_concentration": 0.1062697080142512
      }
    }
  }
}